id,question,response
3169a63d-9fa9-4a66-ae1e-7d1f8421e6bf,What are the symptoms of diabetes?,"Diabetes is a complex condition, and the symptoms can vary highly from person to person. However, for most, they can be divided into two categories: immediate symptoms and delayed symptoms.

**Immediate Symptoms of Diabetes:**

These are the warning signs of a fast heartbeat, high blood sugar, or other concerning issues that require immediate medical attention.

1. **High Blood Sugar (Hyperglycemia):**
   - Fast, persistent sleeplessness or irritability
   - Thirst
   - Thirst relief that turns into excessive thirst
   - Increased thirst
   - Fatigue
   - Rapid heartbeat
   - Fluffy urine

2. **Fast Heartbeat (Tachycardia):**
    - Increased heart rate

3. **Confusion and Disorientation in severe cases**
   - Nausea or vomiting
   - Sudden, severe weakness

**Delayed Symptoms of Diabetes:**
The risk of complications isn’t just immediate. Instead, they’re about months or"
b9a1dfe6-dfe2-444b-a6bc-3cd4191e04e8,How is high cholesterol treated?,"High cholesterol can be treated with lifestyle changes and, in many cases, medication. Here are some ways it’s treated:

Lifestyle Changes:
1. **Healthy Eating:** Focus on a balanced diet with plenty of fruits, vegetables, whole grains, and lean protein. Limit your intake of saturated fats like butter, red meat, and processed meats. You should also avoid foods that increase cholesterol like sweets and fried foods.

2. **Regular Exercise:** Go for moderate-intensity physical activities, such as brisk walking, for about 30 minutes a day. It helps develop muscle and increases the production of high-density lipoprotein (HDL), or the ""good"" cholesterol.

3. **Weight Loss:** Losing weight, particularly around your waistline, can significantly lower your risk of heart disease. Aiming for 150 pounds or more weight loss is ideal.

4. **Raise Your Fiber Intake:** Eating more fiber-rich foods can help lower your risk of heart disease. Foods with high fiber content"
1290ce55-5c6c-46a3-b30c-2517ad6667df,What should I do if I think I have the flu?,"If you think you have the flu, try to focus on maximizing comfort and letting your body recover on its own. Here are some tips to help you ease back to normal:

- **Stay hydrated**: Drink plenty of fluids, particularly clear liquids like water, electrolyte-rich beverages, and soup. You can also try ginger tea to soothe a sore throat.

- **Rest**: Get plenty of rest and try to relax; as much as possible. Your body needs extra energy to fight off the flu virus.

- **Use pain relief**: Antihistamines like acetaminophen (like Tylenol) can alleviate body aches. If necessary, but use it sparingly, as excessive consumption can lead to stomach issues.

- **Avoid solid foods**: Opt for soft, chewy, or liquid foods like yogurt, soup, milk, or scrambled eggs. Foods high in sugar and fat can slow down digestion, which could exacerbate nausea.

- **Practice good hygiene**: Wash your hands"
6f63ed97-7794-43de-95b0-4efe363efdcf,How can I prevent getting a cold?,"You could start by keeping your environment healthy. Use a humidifier to add moisture to air, which can relieve congestion and fight off infections, even if you don't feel like it."
7b24115f-7afe-40ce-ae91-6eff0eab82c0,What are common side effects of antibiotics?,"The side effects of antibiotics can vary, but many people experience one or more of the following symptoms:

The most common side effects of antibiotics are generally mild, such as:

For adult doxycycline antibiotics, if taken as directed: 
- Common side effects (occurring in more than 1 in 100 people):
  - Diarrhoea
  - Nausea
  - Dizziness
  - Headache
  - Drowsiness or dizziness
  - Fatigue
  - Increased risk of tendon rupture

For older adults, doxycycline might lead to more serious side effects:
- Confusion, dizziness
- Confusion, drowsiness
- Abdominal pain
- Headache
- Increased risk of tendon rupture

Side effects of antibiotic amoxicillin:
- Common side effects (occurring in more than 1 in 100 people):
  - Diarrhoea
  - Nausea or vomiting"
428ecc0d-b564-42d1-b646-945582116742,When should I see a doctor for a cough?,"Coughing frequently is too much and you need immediate medical attention unless the cough gets better with treatment. You should see a doctor for a cough if it progresses rapidly, has blood, yellow or green mucus, or if you see blood in your cough."
6c3cdfcf-06f5-4d79-bdea-559cb2b18ed5,How do I know if I have food poisoning?,"You should look for these common symptoms to determine if you're experiencing food poisoning from eating a food that has left you sick. See the list below:

Fast, severe flu-like symptoms like vomiting, diarrhea, fever and stomach cramps, and can also include:"
b52eca3f-7eb4-4296-bc6b-f33b9eaa2c45,What are the signs of dehydration?,You can check if you have dehydrated by looking for changes in your body's ability to regulate fluids. It usually means you can do nothing about it.
4a1028a2-0ce9-4abd-ab65-7e1d54f6973a,Can stress cause physical illness?,"Yes, stress can cause physical illness. Your entire body responds to stress, and chronic stress can lead to a range of physical health problems. Here are some ways that stress can affect the body:

1. **Allergies**: Stress can trigger allergies, particularly asthma and allergic rhinitis. The release of stress hormones, like cortisol, can constrict airways and increase the production of histamine, which causes allergic reactions.
2. **Digestive issues**: Stress can cause stomach cramps, diarrhea, and irritable bowel syndrome (IBS). The gut-brain axis is connected, and stress can lead to changes in gut bacteria, which can disrupt digestion and lead to these problems.
3. **Cardiovascular disease**: Chronic stress can increase blood pressure, heart rate, and cardiac output, leading to cardiovascular disease, heart attacks, and strokes.
4. **Immune system suppression**: Stress can weaken the immune system, making us more susceptible to infections and autoimmune diseases like rheumatoid"
15624af2-f0d8-4ff2-bb09-28581a322438,How often should I get a physical exam?,"It's better to see a doctor on a regular basis. The recommended visits are as follows: 

The American College of Obstetricians and Gynecologists recommends that women get a check-up in the first few months after having a baby, and then annually until the age of 21. They want you to go for a breast exam every three years for women over 40 and every other year for women under 40 with no risk factors for endometriosis."
dff85629-4842-4cf3-bcaa-5386bb63dfe2,What are some effective time management strategies?,You should look up how effective time management is.
c81a7495-6095-4543-ac5b-7da238b79a8b,How can I become a better public speaker?,"Becoming a skilled public speaker is a valuable skill that can open doors to new opportunities, advance your career, and build confidence. With practice and dedication, you can improve your skills in no time. Here are the best strategies to help you become a stronger public speaker:

**Prepare thoroughly**

1. **Know your audience**: Understand who your target audience is, their needs, interests, and concerns. This will help you tailor your message and structure.
2. **Anticipate questions**: Think about common questions and debate points. Practice answering them confidently and quickly.
3. **Choose a platform**: Select a platform or presentation mode (e.g., video, podcast, speech). Experiment with different formats to find what works best for you.

**Improve your communication skills**

1. **Focus on storytelling**: People connect with stories, so try to relate your message to personal anecdotes or real-life experiences.
2. **Use positive body language**: Make eye contact, stand confidently, and use gestures"
165709fa-822e-4254-8bfd-7ebdfb3fe61b,What are the benefits of learning a second language?,"You could achieve advanced degrees without a language. It’s much easier than it used to be, so you have more options for career advancement."
358a6c39-4190-4be9-a8a1-55c416b45616,How do I create a monthly budget?,"For the best idea of how to create a budget, put your finances down on paper, allocate your income into categories, and track your expenses."
72a67384-5097-4102-8d1e-3d38e9959dad,What is the best way to prepare for a job interview?,"Preparation is key for a successful job interview. There are many ways to prepare, but here are some effective strategies:

1. **Research, research, research**: Understand the company by looking at their website, industry trends, competitors, and recent news about the position you're applying for. This will help you find common ground to talk about during the interview.

2. **Learn about the company culture**: Consider what values the company stands for and watch videos, read about how they work on non-work-related projects to get a feel for how they live their business. This will immediately show your enthusiasm and let you know you’re truly interested to work for the company.

3. **Review the job description**: Study the job requirements and think about how your skills, experience, and abilities align with them. Remember, specific examples of how you achieved results in that position are the best to showcase.

4. **Boost your skills**: Use the time during the interview to ask questions. Ask questions about the role"
e28c7602-7975-47eb-9f5a-f61b41dcbc75,How can I improve my writing skills?,"You could try your hand at creative writing by experimenting with different styles, from fiction to non-fiction. This could inspire you to use your imagination to explore real-world topics and bring ideas to life."
51570414-088d-43ab-8fa3-4feb149c5847,What are the most important qualities of a good leader?,"As a good leader, you should possess a unique combination of qualities that enable you to effectively motivate, inspire, and guide others. The following are some of the most critical qualities of an excellent leader: 

1. **Visionary Leadership**: You should share your vision for a better future with your team and lead them towards achieving it. A leader with a bright future-oriented perspective can keep others motivated and build your team towards its achievement."
f499a93a-5047-4eb3-bc45-7dd7fcaf162d,How do I stay motivated when working from home?,"Since the best way to succeed in a sedentary job, is to be on a regular exercise schedule. It ensures that you don’t overwork and feel a natural urge to get into the habit of physical activity."
f1d1c95d-15a4-4133-ab22-c2f6c7fbf99c,What are the basics of investing in the stock market?,"The stock market is a powerful tool for growing your wealth when your money works hardest if you let it work on your money. The basics of investing are simple: invest in stocks, rather than bonds, because your profits will multiply over time, and you have the potential to earn far more than what you’d earn from a bank account."
414959b6-1b9f-4746-93c7-39cfd1380f23,How do I choose the right career path?,"Identifying the right career path should be a personal, methodical process. Consider your strengths, preferences, and values to make sure you find something that’s a good fit. It’s a good idea to explore different career options and try out new aspects of potential jobs until you figure out what doesn’t work for you."
